{
  "eventi": 
  [
  {
    "_id": "5819cb75da8c67d8ed931f2a",
    "data": "2025-06-15T18:30:00.000+00:00",
    "descrizione": "Festino che gasa",
    "luogo": "Via dei cavalli 69",
    "oraFine": "03:00",
    "organizzatore": "Dario Moccia",
    "prezzo": 5.5,
    "titolo": "Festa 18+",
    "copertina": "https://imgs.search.brave.com/ts8NOA6q7kNb9gI3hdhaBdG74si8tspZPabCDfI73p0/rs:fit:860:0:0:0/g:ce/aHR0cHM6Ly93d3cu/ZXZlbnRpcXVlLmNv/bS93cC1jb250ZW50/L3VwbG9hZHMvMjAy/NC8wOC9FVkVOVElR/VUVfTU9OREFZLkNP/TV9EQVkzUEFSVFlf/UEhPVE9CWUBMQVJV/Rk9UT19MVUlTUlVJ/Wl8wMDAwMjEyLTEw/MjR4NjgyLmpwZw",
    "immagini": [],
    "tags": [],
    "tipologia": ["festa"]
  }
  ]
}
  